idx,title,url,author,time,excerpt,is_pinned,datetime,content
12,Tips,https://www.skool.com/ai-automation-society/tips,Emma Wilson,38m •,"Tips For Job-Seekers That Make Employers Notice You Instantly  1. Your resume has 6 seconds to impress.  Recruiters skim, they don’t read. Put your strongest achievements, skills, and job title in the top ⅓ of your resume.  2. Stop sending generic resumes.  Job search is not a lottery. Tailor your resume using keywords, ATS phrases, and the company’s job description.  3. Numbers speak louder than words.  Recruiters love metrics, not long paragraphs. Replace duties with achievement statements (e.g., ""Increased sales by 40%”).  4. Your LinkedIn profile is your online CV.  Create a strong headline, a compelling About section, and use industry keywords. 90% employers check LinkedIn before shortlisting.  5. Avoid using the same cover letter everywhere.  Start with a hook, address a company problem, and present your value proposition.  6. If your resume is more than 2 pages, there’s a problem.  Remove repetition, focus on impact statements, and highlight core skills.  7. Even the perfect resume needs a job search strategy.”  Apply only to jobs where you meet 60–70% of the requirements and align with your career goals.  DM now if you need help in any area of the tips.",False,2025-11-17 11:56:18.417853+00:00,"2 Emma Wilson 39m • General Discussion 💬 Tips Tips For Job-Seekers That Make Employers Notice You Instantly 1. Your resume has 6 seconds to impress. Recruiters skim, they don’t read. Put your strongest achievements, skills, and job title in the top ⅓ of your resume. 2. Stop sending generic resumes. Job search is not a lottery. Tailor your resume using keywords, ATS phrases, and the company’s job description. 3. Numbers speak louder than words. Recruiters love metrics, not long paragraphs. Replace duties with achievement statements (e.g., ""Increased sales by 40%”). 4. Your LinkedIn profile is your online CV. Create a strong headline, a compelling About section, and use industry keywords. 90% employers check LinkedIn before shortlisting. 5. Avoid using the same cover letter everywhere. Start with a hook, address a company problem, and present your value proposition. 6. If your resume is more than 2 pages, there’s a problem. Remove repetition, focus on impact statements, and highlight core skills. 7. Even the perfect resume needs a job search strategy.” Apply only to jobs where you meet 60–70% of the requirements and align with your career goals. DM now if you need help in any area of the tips. Like 2"
10,Affordable Lead Enrichment (PAYG),https://www.skool.com/ai-automation-society/affordable-lead-enrichment-payg,Alex Read,1h •,Hi  Are there any good personal lead enrichment APIs you can recommend?  We're getting some Facebook leads and would like to enrich them on a pay as you go model.,False,2025-11-17 11:34:18.417839+00:00,3 Alex Read 1h • General Discussion 💬 Affordable Lead Enrichment (PAYG) Hi Are there any good personal lead enrichment APIs you can recommend? We're getting some Facebook leads and would like to enrich them on a pay as you go model. Like 1
18,some help,https://www.skool.com/ai-automation-society/some-help,Mohamed Essabbar,2h •,brothers is there any free image generation models that give free tokens in order to use it in n8n,False,2025-11-17 10:34:18.417893+00:00,3 Mohamed Essabbar 2h • Support Needed 💻 some help brothers is there any free image generation models that give free tokens in order to use it in n8n Like 2
14,Combined Three Popular n8n Templates Into One Document Intelligence System 🔥,https://www.skool.com/ai-automation-society/combined-three-popular-n8n-templates-into-one-document-intelligence-system,Duy Bui,2h •,"Had three separate workflows: document classifier, data extractor, CRM poster. Running separately. Manual handoffs. Combined into single intelligent system. Processes 80 documents monthly automatically.  THE ORIGINAL SETUP:  WORKFLOW 1: Document Classifier Template (community template) - Receives document, classifies type, routes to folder  WORKFLOW 2: Data Extraction Template (custom build) - Reads folder, extracts data, saves database  WORKFLOW 3: CRM Agent Template (community template) - Queries database, posts CRM, notifies team  Problem: Three workflows. Manual triggers. Documents stuck waiting. Manual monitoring needed.  THE INTEGRATED SYSTEM:  SINGLE WORKFLOW: Document arrives → Classify → Extract → Post to CRM → Notify. All automatic. Zero manual steps.  THE INTEGRATION PATTERN:  STAGE 1 - CLASSIFICATION (Template 1): Email trigger → document processing parse → AI classifier → Route by type (invoice, contract, form)  STAGE 2 - EXTRACTION (Template 2): Receives classified doc → document processing extract structured data → Validate → Store  Different schemas per type: Invoice (vendor, amount, date), Contract (parties, dates, obligations), Form (applicant info, responses)  STAGE 3 - CRM POSTING (Template 3): Receives extracted data → CRM agent processes → Match existing records → Create or update → Notify  INTEGRATION GLUE: Shared JSON schema across stages. Classification output feeds extraction. Extraction output feeds CRM agent.  Unified error handling: Any failure → Route to review queue with context.  Single monitoring: One dashboard showing queue depth, classification rate, extraction confidence, CRM status.  BEFORE vs AFTER:  BEFORE: Three workflows, manual coordination, documents waiting, 8 minutes per document, regular delays  AFTER: One workflow, fully automated, zero waiting, 30 seconds per document, real-time processing  THE NUMBERS: - Templates integrated: 3 - Integration time: 4 hours one-time - Documents monthly: 80 - Time saved: 8 hours monthly",False,2025-11-17 10:34:18.417867+00:00,"6 Duy Bui 🔥 2h • General Discussion 💬 Combined Three Popular n8n Templates Into One Document Intelligence System 🔥 Had three separate workflows: document classifier, data extractor, CRM poster. Running separately. Manual handoffs. Combined into single intelligent system. Processes 80 documents monthly automatically. THE ORIGINAL SETUP: WORKFLOW 1: Document Classifier Template (community template) - Receives document, classifies type, routes to folder WORKFLOW 2: Data Extraction Template (custom build) - Reads folder, extracts data, saves database WORKFLOW 3: CRM Agent Template (community template) - Queries database, posts CRM, notifies team Problem: Three workflows. Manual triggers. Documents stuck waiting. Manual monitoring needed. THE INTEGRATED SYSTEM: SINGLE WORKFLOW: Document arrives → Classify → Extract → Post to CRM → Notify. All automatic. Zero manual steps. THE INTEGRATION PATTERN: STAGE 1 - CLASSIFICATION (Template 1): Email trigger → document processing parse → AI classifier → Route by type (invoice, contract, form) STAGE 2 - EXTRACTION (Template 2): Receives classified doc → document processing extract structured data → Validate → Store Different schemas per type: Invoice (vendor, amount, date), Contract (parties, dates, obligations), Form (applicant info, responses) STAGE 3 - CRM POSTING (Template 3): Receives extracted data → CRM agent processes → Match existing records → Create or update → Notify INTEGRATION GLUE: Shared JSON schema across stages. Classification output feeds extraction. Extraction output feeds CRM agent. Unified error handling: Any failure → Route to review queue with context. Single monitoring: One dashboard showing queue depth, classification rate, extraction confidence, CRM status. BEFORE vs AFTER: BEFORE: Three workflows, manual coordination, documents waiting, 8 minutes per document, regular delays AFTER: One workflow, fully automated, zero waiting, 30 seconds per document, real-time processing THE NUMBERS: - Templates integrated: 3 - Integration time: 4 hours one-time - Documents monthly: 80 - Time saved: 8 hours monthly - Error rate: Down 75% Document Processing Integration: Common parsing layer for all types. Consistent data structure. Single document handling point. Unified metadata. CONFIGURATION: Shared JSON schemas defined once. Error handlers reference same queue. Monitoring to single Slack channel. THE LESSON: Popular templates solve pieces. Integrating them solves complete workflows. Unified system beats separate tools. TEMPLATE: Integrated document intelligence system with all three base templates, integration architecture, shared schemas, error patterns. Which templates are you running separately that should be integrated? Like 4"
6,Hiring appointment setters,https://www.skool.com/ai-automation-society/hiring-appointment-setters-2,Ayman Dakir,2h •,Reach me out,False,2025-11-17 10:34:18.417811+00:00,3 Ayman Dakir 2h • Hire Me / Looking For Hire 💰 Hiring appointment setters Reach me out Like 4
30,Black Friday Is Approaching… What Are You Launching?,https://www.skool.com/ai-automation-society/black-friday-is-approaching-what-are-you-launching,Nazmul Hasan,3h •,"Entrepreneurs, gather ‘round for a little pre-Black-Friday crystal-ball moment.  What are you cooking up this year?  Every November, founders turn into mad scientists — tightening offers, sharpening funnels, stacking bonuses, and preparing to weaponize their best ideas for a 48-hour economic thunderstorm.  Black Friday has a funny way of revealing who’s been quietly building and who’s been quietly procrastinating.  Curious to hear what you’re planning to drop. New product? A wild discount? A clever bundle? A “why didn’t I think of that” automation? Something entirely unexpected?  Share what’s coming — the good stuff travels farther when a community gets behind it.",False,2025-11-17 09:34:18.418861+00:00,"6 Nazmul Hasan 3h • General Discussion 💬 Black Friday Is Approaching… What Are You Launching? Entrepreneurs, gather ‘round for a little pre-Black-Friday crystal-ball moment. What are you cooking up this year? Every November, founders turn into mad scientists — tightening offers, sharpening funnels, stacking bonuses, and preparing to weaponize their best ideas for a 48-hour economic thunderstorm. Black Friday has a funny way of revealing who’s been quietly building and who’s been quietly procrastinating. Curious to hear what you’re planning to drop. New product? A wild discount? A clever bundle? A “why didn’t I think of that” automation? Something entirely unexpected? Share what’s coming — the good stuff travels farther when a community gets behind it. Like 1"
29,Algorithmic AI: My First Course,https://www.skool.com/ai-automation-society/algorithmic-ai-my-first-course,Aidan Finnegan,3h •,"Hey everyone, I wanted to share something I have been working on for close to a month now. Since building with AI I have been obsessed with one thing, driving AI Adoption in all industries forward by creating robust, complex AI systems that solve the entire landscape of a businesses or an avatar's problem.  And the way that I have discovered to do this is by what I call Algorithmic AI System Building. A super fancy name for essentially just building equations that represent business decisions and putting key AI agents in place that act as ""Interpreters"" for populating these equations with variables, and letting the output of the equations make the decision on the businesses behalf.  The course is completely Free as well as my community, I really am just excited to put out my thoughts about AI system building. I would feel honored if you took the time to check it out. I am confident you will learn something cool! Thanks so much!  Link to my community 👉https://www.skool.com/ai-reality-labs-6298",False,2025-11-17 09:34:18.418855+00:00,"4 Aidan Finnegan 3h • Wins 🌟 Algorithmic AI: My First Course Hey everyone, I wanted to share something I have been working on for close to a month now. Since building with AI I have been obsessed with one thing, driving AI Adoption in all industries forward by creating robust, complex AI systems that solve the entire landscape of a businesses or an avatar's problem. And the way that I have discovered to do this is by what I call Algorithmic AI System Building. A super fancy name for essentially just building equations that represent business decisions and putting key AI agents in place that act as ""Interpreters"" for populating these equations with variables, and letting the output of the equations make the decision on the businesses behalf. The course is completely Free as well as my community, I really am just excited to put out my thoughts about AI system building. I would feel honored if you took the time to check it out. I am confident you will learn something cool! Thanks so much! Link to my community 👉 https://www.skool.com/ai-reality-labs-6298 Like 1"
28,How Do You Structure Offers as a Newcomer Without a Personal Brand?,https://www.skool.com/ai-automation-society/how-do-you-structure-offers-as-a-newcomer-without-a-personal-brand,Guarracino Alessandro,3h •,"Hey everyone,  I’m currently building my first offer and I’m really curious to understand how successful communities here on Skool structure their paid services—especially when starting without a personal brand or audience.  Alex Hormozi often repeats that we should aim to collect as much money as possible in the first 30 days of the customer relationship… but at the same time, he also says we need to reduce the perceived risk for the client as much as possible (and I’m confused here 😅).  So I’m stuck between two approaches:  1. Charge upfront – e.g. $1,500 at the beginning, and then deliver the service. 2. Remove all the risk – tell the prospect: “You don’t know me yet. Let me do the work first. If you like the result, only then you pay $1,500.”  As someone still building trust and reputation, which model would you recommend? How did you structure your offer when you started?  Super curious to hear your experiences, especially from people running high-ticket or performance-based services.  Thanks in advance!",False,2025-11-17 09:34:18.418848+00:00,"2 Guarracino Alessandro 3h • General Discussion 💬 How Do You Structure Offers as a Newcomer Without a Personal Brand? Hey everyone, I’m currently building my first offer and I’m really curious to understand how successful communities here on Skool structure their paid services—especially when starting without a personal brand or audience. Alex Hormozi often repeats that we should aim to collect as much money as possible in the first 30 days of the customer relationship… but at the same time, he also says we need to reduce the perceived risk for the client as much as possible (and I’m confused here 😅). So I’m stuck between two approaches: Charge upfront – e.g. $1,500 at the beginning, and then deliver the service. Remove all the risk – tell the prospect: “You don’t know me yet. Let me do the work first. If you like the result, only then you pay $1,500.” As someone still building trust and reputation, which model would you recommend? How did you structure your offer when you started? Super curious to hear your experiences, especially from people running high-ticket or performance-based services. Thanks in advance! Like 2"
27,Jotform unlimited!,https://www.skool.com/ai-automation-society/jotform-unlimited,Roland Jungenkrueger,4h •,"Jotform is one of the most powerful tools when it comes to digital forms, signing documents, creating low-code-apps, AI Agents, even workflows, and more. However, some features are not perfect yet. One of our clients asked for a dynamic pdf-report, filled with selections of submitted data, based on conditions and preselections out of more than 1,000 fields. For this client we built a comprehensive solution, from automatic prefill data upload to dynamic e-mail-creation with the mentioned pdf´s attached.  Guess how! One hint: it´s called ""n8n"".  Let me know if you want to learn more.",False,2025-11-17 08:34:18.418841+00:00,"3 Roland Jungenkrueger 4h • Hire Me / Looking For Hire 💰 Jotform unlimited! Jotform is one of the most powerful tools when it comes to digital forms, signing documents, creating low-code-apps, AI Agents, even workflows, and more. However, some features are not perfect yet. One of our clients asked for a dynamic pdf-report, filled with selections of submitted data, based on conditions and preselections out of more than 1,000 fields. For this client we built a comprehensive solution, from automatic prefill data upload to dynamic e-mail-creation with the mentioned pdf´s attached. Guess how! One hint: it´s called ""n8n"". Let me know if you want to learn more. Like 4"
17,Work Load of a n8n side milestone,https://www.skool.com/ai-automation-society/work-load-of-a-n8n-side-milestone,Shj Sran,5h •,"I am working on a side work n8n project and i have a lot to do everyday or night but never finish. The project is worth working on but anytime i work on it for adding more and more the stuff broke or make me mad and crazy as its too much to work on alone, while i don't think anyone will work on this for free and also friends to work with can lead to competition or public exposure i thought of hiring but hiring is not best option as the project is in more pieces that not a single hire will help and can't go all in on this cause this is still not fully developed and still a side project with potential.( I do have one of my friend working on this for one week and he is no more happy to go deep in this alone as this is whole lot then a side project.  I am stuck mostly cause what this project is, is not on any linked YouTube video yet or any thing about it at all out yet so this is a whole new stuff to make for a alone human instead of a multi worker company ( open ai did this too but in a different approach and got the results in 6 months to 1 year and still working) i am in deep pressure and other side i see Elon, who just working on what was non fiction for years.",False,2025-11-17 07:34:18.417887+00:00,"2 Shj Sran 5h • Support Needed 💻 Work Load of a n8n side milestone I am working on a side work n8n project and i have a lot to do everyday or night but never finish. The project is worth working on but anytime i work on it for adding more and more the stuff broke or make me mad and crazy as its too much to work on alone, while i don't think anyone will work on this for free and also friends to work with can lead to competition or public exposure i thought of hiring but hiring is not best option as the project is in more pieces that not a single hire will help and can't go all in on this cause this is still not fully developed and still a side project with potential.( I do have one of my friend working on this for one week and he is no more happy to go deep in this alone as this is whole lot then a side project. I am stuck mostly cause what this project is, is not on any linked YouTube video yet or any thing about it at all out yet so this is a whole new stuff to make for a alone human instead of a multi worker company ( open ai did this too but in a different approach and got the results in 6 months to 1 year and still working) i am in deep pressure and other side i see Elon, who just working on what was non fiction for years. Like 4"
11,Finally! My AI Micro-SaaS for the 34M+ 'Singles-Only' Filipino Market LOL,https://www.skool.com/ai-automation-society/finally-my-ai-micro-saas-for-the-34m-singles-only-filipino-market-lol,Gian Gallegos,9h •,"""Why singles-only?""... LOL.  I built this because a single person's finances are totally different from a family's.  We don't have shared household budgets or family grocery lists. Our financial ""chaos"" is different. It's: - Grab rides & Jollibee (you should defintely try this if u have it in your countr) runs - GCash impulse buys - Coffee dates & weekend trips - Managing our own subscriptions  So I built ResiboKo. It's an AI-powered expense tracker for the 34M+ Filipinos who are managing their own money.  The ""Piso"" AI coach is for finding your personal cash leaks and ""tipid"" (savings) opportunities.  It's powered by Gemini 2.5, so it can scan any local receipt or log voice notes like ""Nag-Grab ako, 150 pesos."" (in English.. ""Grab, 150 pesos).  Anyway, this is my shot at solving a hyper-specific problem for a niche I'm a part of. hehe! Just wanted to share my win!  PS side note - this was really inspired by an n8n workflow using telegram.",False,2025-11-17 03:34:18.417846+00:00,"6 Gian Gallegos 9h (edited) • Wins 🌟 Finally! My AI Micro-SaaS for the 34M+ 'Singles-Only' Filipino Market LOL ""Why singles-only?""... LOL. I built this because a single person's finances are totally different from a family's. We don't have shared household budgets or family grocery lists. Our financial ""chaos"" is different. It's: Grab rides & Jollibee (you should defintely try this if u have it in your countr) runs GCash impulse buys Coffee dates & weekend trips Managing our own subscriptions So I built ResiboKo. It's an AI-powered expense tracker for the 34M+ Filipinos who are managing their own money. The ""Piso"" AI coach is for finding your personal cash leaks and ""tipid"" (savings) opportunities. It's powered by Gemini 2.5, so it can scan any local receipt or log voice notes like ""Nag-Grab ako, 150 pesos."" (in English.. ""Grab, 150 pesos). Anyway, this is my shot at solving a hyper-specific problem for a niche I'm a part of. hehe! Just wanted to share my win! PS side note - this was really inspired by an n8n workflow using telegram. Like 4"
5,Opportunity,https://www.skool.com/ai-automation-society/opportunity-b113e1fd,Carson Kim,11h •,"Hey guys if anyone has good experience with building Ai agents and workflows I Would love to partner up with 1 or 2 of you I am currently int he process of building a High ticket Ai agency, we can hop on a call, or shoot me a text over to talk more about it thanks, # - 214-794-6200",False,2025-11-17 01:34:18.417803+00:00,"2 Carson Kim 11h • Hire Me / Looking For Hire 💰 Opportunity Hey guys if anyone has good experience with building Ai agents and workflows I Would love to partner up with 1 or 2 of you I am currently int he process of building a High ticket Ai agency, we can hop on a call, or shoot me a text over to talk more about it thanks, # - 214-794-6200 Like 6"
4,Agent to build Lucidchart via prompts,https://www.skool.com/ai-automation-society/agent-to-build-lucidchart-via-prompts,Stephen Steddy,14h •,Looking to build an AI agent to build workflow diagrams in Lucidchart via prompts. Has anybody done this and is willing to share?,False,2025-11-16 22:34:18.417793+00:00,2 Stephen Steddy 14h • General Discussion 💬 Agent to build Lucidchart via prompts Looking to build an AI agent to build workflow diagrams in Lucidchart via prompts. Has anybody done this and is willing to share? Like 6
26,How To Connect Slack To n8n For Ai Agents (2026 update),https://www.skool.com/ai-automation-society/how-to-connect-slack-to-n8n-for-ai-agents-2026-update,Folu Ilori,15h •,https://youtu.be/eA-2hzqdieY,False,2025-11-16 21:34:18.418833+00:00,5 Folu Ilori 15h • General Discussion 💬 How To Connect Slack To n8n For Ai Agents (2026 update) https://youtu.be/eA-2hzqdieY Like 3
16,Build #33 client performance and retention,https://www.skool.com/ai-automation-society/build-33-client-performance-and-retention,Muskan Ahlawat,19h •,"Just built a Client Retention & Performance Intelligence Agent — this one feels like having a full-time account manager running in the background.  Here’s what it does every week:  1.Pulls client data from your API Names, emails, account age, activity, etc.  2. Pulls automation metrics Usage %, ROI, engagement, time saved, support tickets, workflow count.  3. Calculates a retention score (0–100) Using weighted factors: – automation usage – engagement – ROI – support load – activity  4. Flags at-risk clients If score < 60 → “High Risk” Instantly prepares targeted recommendations.  5.Generates a full weekly report with AI Client-specific insights, ROI breakdown, risks, opportunities, next steps.  6. Emails the report to each client Professional, clean HTML email.  7. Sends a Slack summary to your team So everyone knows which clients need attention.  8. Updates your Google Sheet tracker Latest metrics + retention score logged automatically.  This is literally a client success department compressed into one workflow.  Once you set it → it runs forever.  Any suggestions to make it better?? How much ROI it can produce for you ?",False,2025-11-16 17:34:18.417880+00:00,"7 Muskan Ahlawat 🔥 19h • General Discussion 💬 Build #33 client performance and retention Just built a Client Retention & Performance Intelligence Agent — this one feels like having a full-time account manager running in the background. Here’s what it does every week: 1.Pulls client data from your API Names, emails, account age, activity, etc. 2. Pulls automation metrics Usage %, ROI, engagement, time saved, support tickets, workflow count. 3. Calculates a retention score (0–100) Using weighted factors: – automation usage – engagement – ROI – support load – activity 4. Flags at-risk clients If score < 60 → “High Risk” Instantly prepares targeted recommendations. 5.Generates a full weekly report with AI Client-specific insights, ROI breakdown, risks, opportunities, next steps. 6. Emails the report to each client Professional, clean HTML email. 7. Sends a Slack summary to your team So everyone knows which clients need attention. 8. Updates your Google Sheet tracker Latest metrics + retention score logged automatically. This is literally a client success department compressed into one workflow. Once you set it → it runs forever. Any suggestions to make it better?? How much ROI it can produce for you ? Like 6"
